d,title,intro,poster,pubdate,url,rating,press,star,comment,tags,star_time,author
4053020099,六个说谎的大学生,君子论迹不论心,https://img9.doubanio.com/view/subject/l/public/s34497205.jpg,2023-4,https://book.douban.com/subject/36283547/,7.7,四川文艺出版社,4.0,君子论迹不论心,,2024-01-10 14:15:49,
4047484189,名侦探的献祭,,https://img9.doubanio.com/view/subject/l/public/s34681654.jpg,2023-9,https://book.douban.com/subject/36512989/,7.1,九州出版社,3.5,,,2024-01-05 19:41:47,
4046362134,我在北京送快递,,https://img1.doubanio.com/view/subject/l/public/s34522268.jpg,2023-3,https://book.douban.com/subject/36150423/,8.1,湖南文艺出版社,4.0,,,2024-01-04 18:59:00,
4045525804,豆子芝麻茶,就到这吧，挺好,https://img3.doubanio.com/view/subject/l/public/s34669097.jpg,2023-10,https://book.douban.com/subject/36560856/,8.6,广东人民出版社,4.5,就到这吧，挺好,,2024-01-03 22:59:03,
4016028898,追风筝的人,,https://img1.doubanio.com/view/subject/l/public/s1727290.jpg,2006-5,https://book.douban.com/subject/1770782/,8.9,上海人民出版社,4.5,,,2023-12-08 16:48:11,
3984887657,黑暗之家,,https://img1.doubanio.com/view/subject/l/public/s34641700.jpg,2023-10-10,https://book.douban.com/subject/36520019/,7.3,海南出版社,3.5,,,2023-11-07 19:45:37,
3823947121,黑蜥蜴,,https://img9.doubanio.com/view/subject/l/public/s25811714.jpg,2013-4-5,https://book.douban.com/subject/21692857/,6.4,新星出版社,3.0,,,2023-06-19 13:22:20,
3791760001,房思琪的初恋乐园,让人痛苦的是，我是个幸福的人。而我的幸福只是因为我是个幸存者。,https://img2.doubanio.com/view/subject/l/public/s29651121.jpg,2018-2,https://book.douban.com/subject/27614904/,9.2,北京联合出版公司,4.5,让人痛苦的是，我是个幸福的人。而我的幸福只是因为我是个幸存者。,,2023-05-18 09:05:05,
3747831602,狩猎愉快,,https://img3.doubanio.com/view/subject/l/public/s34186337.jpg,2022-7,https://book.douban.com/subject/35751797/,7.8,四川科学技术出版社,4.0,,,2023-04-08 13:15:18,
3722202028,我的赛克洛斯,,https://img1.doubanio.com/view/subject/l/public/s33704460.jpg,2020-8,https://book.douban.com/subject/35166548/,7.4,新星出版社,3.5,,,2023-03-15 22:58:52,
3717744469,小巷人家,蛮好看，怀恋邻里间的人情世故,https://img3.doubanio.com/view/subject/l/public/s34730787.jpg,2024-1,https://book.douban.com/subject/36691906/,8.4,四川文艺出版社,4.0,蛮好看，怀恋邻里间的人情世故,,2023-03-11 22:16:00,
3704669138,好物集,没事干出去散散心呗,https://img1.doubanio.com/view/subject/l/public/s29444459.jpg,2017-4-2,https://book.douban.com/subject/27038455/,5.5,北京联合出版公司,3.0,没事干出去散散心呗,,2023-02-26 14:48:03,
3704608290,GOTH断掌事件,,https://img1.doubanio.com/view/subject/l/public/s34368008.jpg,2022-12,https://book.douban.com/subject/36035673/,7.4,南海出版公司,3.5,,,2023-02-26 13:44:42,
3562146619,秋园,没有活着的苦难，那就好好的生活,https://img1.doubanio.com/view/subject/l/public/s33640730.jpg,2020-6,https://book.douban.com/subject/34998019/,9.0,北京联合出版公司,4.5,没有活着的苦难，那就好好的生活,,2022-11-10 17:00:54,
3560801319,献给阿尔吉侬的花束,智慧与人性,https://img1.doubanio.com/view/subject/l/public/s28050760.jpg,2015-4,https://book.douban.com/subject/26362836/,9.1,广西师范大学出版社,4.5,智慧与人性,,2022-11-09 12:40:43,
3560800331,我本芬芳,唉,https://img3.doubanio.com/view/subject/l/public/s34072342.jpg,2022-2-1,https://book.douban.com/subject/35695541/,8.3,北京联合出版公司,4.0,唉,,2022-11-09 12:39:41,
3539554380,蜗居,口水文，不如双面胶,https://img1.doubanio.com/view/subject/l/public/s4081839.jpg,2007-12,https://book.douban.com/subject/2345727/,7.4,长江文艺出版社,3.5,口水文，不如双面胶,,2022-10-21 22:55:19,
3529432937,动物园,,https://img9.doubanio.com/view/subject/l/public/s33666435.jpg,2016-8-1,https://book.douban.com/subject/26723423/,8.1,人民文学出版社,4.0,,,2022-10-13 00:17:33,
3529431549,了不起的盖茨比,,https://img9.doubanio.com/view/subject/l/public/s9110246.jpg,2012-5,https://book.douban.com/subject/10738023/,8.7,南海出版公司,4.5,,,2022-10-13 00:16:25,
3529414198,桶川跟踪狂杀人事件,,https://img9.doubanio.com/view/subject/l/public/s34072986.jpg,2021-2,https://book.douban.com/subject/35094680/,9.0,四川人民出版社,4.5,,,2022-10-13 00:02:43,
3510882451,双面胶,双方还是应当以双方的意见为主，谁也不能偏袒谁，谁也不能迁就谁,https://img9.doubanio.com/view/subject/l/public/s1441925.jpg,2005-10,https://book.douban.com/subject/1428106/,7.6,上海人民出版社,4.0,双方还是应当以双方的意见为主，谁也不能偏袒谁，谁也不能迁就谁,,2022-09-26 22:19:25,
3498329754,平面国,,https://img1.doubanio.com/view/subject/l/public/s33710398.jpg,2020-8,https://book.douban.com/subject/35170896/,9.2,上海文化出版社,4.5,,,2022-09-15 09:16:02,
3489010255,蹉跎岁月,,https://img3.doubanio.com/view/subject/l/public/s4597057.jpg,2009-4,https://book.douban.com/subject/3779297/,7.3,作家出版社,3.5,,,2022-09-07 12:23:49,
3489009422,米,,https://img1.doubanio.com/view/subject/l/public/s4596979.jpg,2009-8,https://book.douban.com/subject/4088378/,7.9,作家出版社,4.0,,,2022-09-07 12:22:50,
3489009168,手机,,https://img3.doubanio.com/view/subject/l/public/s6081092.jpg,2009-7,https://book.douban.com/subject/4075784/,8.1,作家出版社,4.0,,,2022-09-07 12:22:31,
3489009056,羊的门,,https://img9.doubanio.com/view/subject/l/public/s6064525.jpg,2009-7,https://book.douban.com/subject/4006109/,7.9,作家出版社,4.0,,,2022-09-07 12:22:21,
3489008903,我叫刘跃进,,https://img9.doubanio.com/view/subject/l/public/s4464275.jpg,2009-6,https://book.douban.com/subject/4062572/,8.1,作家出版社,4.0,,,2022-09-07 12:22:10,
3489008816,白鹿原,,https://img9.doubanio.com/view/subject/l/public/s4209385.jpg,2009-4,https://book.douban.com/subject/3779302/,9.0,作家出版社,4.5,,,2022-09-07 12:22:03,
3489008713,尘埃落定,,https://img9.doubanio.com/view/subject/l/public/s4599345.jpg,2009-4,https://book.douban.com/subject/3796219/,8.7,作家出版社,4.5,,,2022-09-07 12:21:55,
3480594228,燃烧的蜂鸟,,https://img9.doubanio.com/view/subject/l/public/s34317765.jpg,2022-8,https://book.douban.com/subject/36029727/,7.3,北京联合出版公司,3.5,,,2022-08-31 09:09:50,
3397785868,只有你听到,,https://img1.doubanio.com/view/subject/l/public/s33800389.jpg,2021-1,https://book.douban.com/subject/35216488/,7.0,浙江人民出版社,3.5,,,2022-06-22 18:59:55,
3304390281,24个比利,,https://img2.doubanio.com/view/subject/l/public/s28094021.jpg,2015-6-30,https://book.douban.com/subject/26371317/,8.1,外语教学与研究出版社,4.0,,,2022-04-06 11:36:27,
3244790235,了不起的盖茨比,,https://img9.doubanio.com/view/subject/l/public/s34139814.jpg,2013-1,https://book.douban.com/subject/20507368/,7.6,天津人民出版社,4.0,,,2022-02-19 10:26:57,
2905434455,九州·缥缈录,,https://img9.doubanio.com/view/subject/l/public/s28332484.jpg,2015-10,https://book.douban.com/subject/26613061/,8.7,人民文学出版社,4.5,,,2021-06-07 07:51:50,
2904715196,活着,,https://img9.doubanio.com/view/subject/l/public/s29869926.jpg,2012-8,https://book.douban.com/subject/4913064/,9.4,作家出版社,4.5,,,2021-06-06 17:21:22,
2762707811,兄弟,,https://img1.doubanio.com/view/subject/l/public/s24936189.jpg,2012-9-1,https://book.douban.com/subject/20441957/,8.5,作家出版社,4.5,,,2021-02-23 20:03:57,
2626646853,丰乳肥臀,,https://img1.doubanio.com/view/subject/l/public/s33895248.jpg,2017-1,https://book.douban.com/subject/26904658/,8.8,浙江文艺出版社,4.5,,,2020-12-02 23:32:24,
2626643964,尘埃落定,,https://img3.doubanio.com/view/subject/l/public/s9140762.jpg,1998-3-1,https://book.douban.com/subject/1080309/,8.5,人民文学出版社,4.5,,,2020-12-02 23:30:47,
2626640751,挪威的森林,春天的熊,https://img1.doubanio.com/view/subject/l/public/s27312538.jpg,2007-7,https://book.douban.com/subject/2159042/,8.5,上海译文出版社,4.5,春天的熊,,2020-12-02 23:29:02,
2626639805,世界尽头与冷酷仙境,,https://img3.doubanio.com/view/subject/l/public/s1801057.jpg,2002-12,https://book.douban.com/subject/1291809/,8.6,上海译文出版社,4.5,,,2020-12-02 23:28:30,
2626633996,一句顶一万句,一句话是那么难,https://img1.doubanio.com/view/subject/l/public/s6916838.jpg,2009-3,https://book.douban.com/subject/3633461/,8.8,长江文艺出版社,4.5,一句话是那么难,,2020-12-02 23:25:19,
2626627315,看见,正因为看见所以彷徨,https://img1.doubanio.com/view/subject/l/public/s24514758.jpg,2013-1-1,https://book.douban.com/subject/20427187/,8.8,广西师范大学出版社,4.5,正因为看见所以彷徨,,2020-12-02 23:21:31,
2626626586,朝花夕拾,日子平静的让人心醉,https://img1.doubanio.com/view/subject/l/public/s34099290.jpg,1973-4,https://book.douban.com/subject/1449352/,9.1,人民文学出版社,4.5,日子平静的让人心醉,,2020-12-02 23:21:03,
2626624998,白鹿原,,https://img3.doubanio.com/view/subject/l/public/s34777382.jpg,2012-9,https://book.douban.com/subject/10564071/,9.3,人民文学出版社,4.5,,,2020-12-02 23:20:05,
2626623377,肖申克的救赎,能救赎的是自己的内心,https://img9.doubanio.com/view/subject/l/public/s4007145.jpg,2006-7,https://book.douban.com/subject/1829226/,9.1,人民文学出版社,4.5,能救赎的是自己的内心,,2020-12-02 23:19:04,
2626622388,安徒生童话故事集,童话告诉我们活在童话里也不是一件幸福的事,https://img3.doubanio.com/view/subject/l/public/s1034062.jpg,1997-08,https://book.douban.com/subject/1046209/,9.3,人民文学出版社,4.5,童话告诉我们活在童话里也不是一件幸福的事,,2020-12-02 23:18:26,
2626621507,天龙八部,少年想做侠客，却不知侠客羡慕少年,https://img9.doubanio.com/view/subject/l/public/s26018275.jpg,1994-5,https://book.douban.com/subject/1255625/,9.2,生活·读书·新知三联书店,4.5,少年想做侠客，却不知侠客羡慕少年,,2020-12-02 23:17:53,
2626612482,呐喊,尽管声嘶力竭，却没有激起一片水花,https://img9.doubanio.com/view/subject/l/public/s34099286.jpg,1973-3,https://book.douban.com/subject/1449351/,9.2,人民文学出版社,4.5,尽管声嘶力竭，却没有激起一片水花,,2020-12-02 23:12:19,
2626608805,平凡的世界（全三部）,因为平凡所以真实,https://img2.doubanio.com/view/subject/l/public/s1144911.jpg,2005-1,https://book.douban.com/subject/1200840/,9.0,人民文学出版社,4.5,因为平凡所以真实,,2020-12-02 23:10:11,
2563654679,搜神记Ⅰ-神农使者,,https://img9.doubanio.com/view/subject/l/public/s1433216.jpg,2005-05,https://book.douban.com/subject/1400048/,8.5,辽宁教育出版社,4.5,,,2020-10-12 16:13:04,
2522568278,盐,,https://img9.doubanio.com/view/subject/l/public/s29509085.jpg,2017-8,https://book.douban.com/subject/27104259/,7.2,北京联合出版公司,3.5,,,2020-09-07 10:11:49,
2438347507,鬼滅之刃 6,,https://img3.doubanio.com/view/subject/l/public/s33462102.jpg,2019-5-8,https://book.douban.com/subject/27105443/,8.6,東立出版社,4.5,,,2020-07-01 12:24:18,
2438347395,鬼滅之刃 5,,https://img2.doubanio.com/view/subject/l/public/s32311371.jpg,2019-4-11,https://book.douban.com/subject/27105442/,8.5,東立出版社,4.5,,,2020-07-01 12:24:12,
2438347241,鬼滅之刃 4,,https://img2.doubanio.com/view/subject/l/public/s30026191.jpg,2019-3-7,https://book.douban.com/subject/27105441/,8.4,東立出版社,4.0,,,2020-07-01 12:24:04,
2438347074,鬼滅之刃 3,,https://img9.doubanio.com/view/subject/l/public/s29840025.jpg,2018-8-27,https://book.douban.com/subject/27105439/,8.5,東立出版社,4.5,,,2020-07-01 12:23:54,
2438346962,鬼滅之刃 2,,https://img3.doubanio.com/view/subject/l/public/s29823282.jpg,2018-7-26,https://book.douban.com/subject/27105438/,8.3,東立出版社,4.0,,,2020-07-01 12:23:47,
2438346652,鬼滅之刃 1,,https://img3.doubanio.com/view/subject/l/public/s29647213.jpg,2018-1-8,https://book.douban.com/subject/27105437/,8.0,東立出版社,4.0,,,2020-07-01 12:23:30,
2310596579,撒哈拉的故事,,https://img3.doubanio.com/view/subject/l/public/s1369343.jpg,2003-8,https://book.douban.com/subject/1060068/,9.2,哈尔滨出版社,4.5,,,2020-03-27 16:10:47,
2310596348,小王子,,https://img1.doubanio.com/view/subject/l/public/s1237549.jpg,2003-8,https://book.douban.com/subject/1084336/,9.1,人民文学出版社,4.5,,,2020-03-27 16:10:36,
2310596050,三体全集,,https://img9.doubanio.com/view/subject/l/public/s28357056.jpg,2012-1,https://book.douban.com/subject/6518605/,9.5,重庆出版社,5.0,,,2020-03-27 16:10:22,
2310590167,替身,,https://img2.doubanio.com/view/subject/l/public/s8908821.jpg,2012-3,https://book.douban.com/subject/10473576/,7.5,人民文学出版社,4.0,,,2020-03-27 16:06:26,
2266690295,三体Ⅲ,,https://img9.doubanio.com/view/subject/l/public/s26012674.jpg,2010-11,https://book.douban.com/subject/5363767/,9.2,重庆出版社,4.5,,,2020-03-06 16:53:23,
2266689980,三体Ⅱ,,https://img3.doubanio.com/view/subject/l/public/s3078482.jpg,2008-5,https://book.douban.com/subject/3066477/,9.3,重庆出版社,4.5,,,2020-03-06 16:53:14,
2266689650,三体,,https://img1.doubanio.com/view/subject/l/public/s2768378.jpg,2008-1,https://book.douban.com/subject/2567698/,8.9,重庆出版社,4.5,,,2020-03-06 16:53:06,
2236091626,人生,,https://img2.doubanio.com/view/subject/l/public/s3847911.jpg,2009-5,https://book.douban.com/subject/3803820/,8.5,北京十月文艺出版社,4.5,,,2020-02-25 11:35:57,
1761139276,漫长的告别,有的作者能力有限，开局突兀冗长来衬托自己最后发挥有限的才华。有的作者每一处都展示自己无与伦比的魅力。,https://img9.doubanio.com/view/subject/l/public/s26538475.jpg,2013-7,https://book.douban.com/subject/24163576/,8.3,南海出版公司,4.0,有的作者能力有限，开局突兀冗长来衬托自己最后发挥有限的才华。有的作者每一处都展示自己无与伦比的魅力。,,2019-04-22 15:39:09,
1692683233,月亮与六便士,读完感慨良多却又不知道该怎么说,https://img1.doubanio.com/view/subject/l/public/s29634528.jpg,2017-1-1,https://book.douban.com/subject/26954760/,8.7,浙江文艺出版社,4.5,读完感慨良多却又不知道该怎么说,,2019-02-25 13:26:22,
1310483388,霍乱时期的爱情,#20180120#最爱一本，二刷,https://img3.doubanio.com/view/subject/l/public/s11284102.jpg,2012-9-1,https://book.douban.com/subject/10594787/,9.0,南海出版公司,4.5,#20180120#最爱一本，二刷,,2018-01-21 19:43:20,
1293965620,一日看尽长安花,#171227#上了大学就很少再读古诗词，考完研罢读读，理理顺序,https://img3.doubanio.com/view/subject/l/public/s27164477.jpg,2013-8-1,https://book.douban.com/subject/25783206/,7.4,上海交通大学出版社,3.5,#171227#上了大学就很少再读古诗词，考完研罢读读，理理顺序,,2017-12-27 17:03:15,
1283190902,孽债,#17.12.08#高中的时候拿来当本小黄书来看，现在翻出来再读一遍。有些不明白，又有些明白。每个人都有追求幸福的权利，但是每个人都需要有承担责任的勇气和态度。抛弃责任的幸福是甜蜜的么？,https://img9.doubanio.com/view/subject/l/public/s4597054.jpg,2009-4,https://book.douban.com/subject/3796245/,7.9,作家出版社,4.0,#17.12.08#高中的时候拿来当本小黄书来看，现在翻出来再读一遍。有些不明白，又有些明白。每个人都有追求幸福的权利，但是每个人都需要有承担责任的勇气和态度。抛弃责任的幸福是甜蜜的么？,,2017-12-08 23:30:29,
1229439082,我们掩埋的人生,每天我们身边都上演着生命的奇迹，我们将那些不可理解的奇迹视为理所当然。就在那天我决定要活出精彩——而不是简单地活着。如果我死后发现天堂在彼岸，嗯，那很好。但如果我不像已经置身天堂那样度过我的生命，死后发现只有虚无，呃——我就浪费了我的生命。浪费了历史长河中我唯一的一次生存的机会。,https://img9.doubanio.com/view/subject/l/public/s29247705.jpg,2017-1,https://book.douban.com/subject/26909098/,7.3,江苏凤凰文艺出版社,3.5,每天我们身边都上演着生命的奇迹，我们将那些不可理解的奇迹视为理所当然。就在那天我决定要活出精彩——而不是简单地活着。如果我死后发现天堂在彼岸，嗯，那很好。但如果我不像已经置身天堂那样度过我的生命，死后发现只有虚无，呃——我就浪费了我的生命。浪费了历史长河中我唯一的一次生存的机会。,,2017-08-14 16:34:45,
1223428506,极品家丁全集,近年来网文占据了中学生课外阅读的绝大部分，七年前的网文现在看来未免过于浮夸，简单，缺乏了美。但是作者写的并不随意，故事、人物在网文中也算是相当精彩的了。,https://img2.doubanio.com/view/subject/l/public/s3967081.jpg,2008-5-1,https://book.douban.com/subject/3932365/,7.8,广西人民出版社,4.0,近年来网文占据了中学生课外阅读的绝大部分，七年前的网文现在看来未免过于浮夸，简单，缺乏了美。但是作者写的并不随意，故事、人物在网文中也算是相当精彩的了。,,2017-08-02 01:41:25,
1217251790,巨人的陨落,活着的历史，平民的历史,https://img9.doubanio.com/view/subject/l/public/s28668834.jpg,2016-5-1,https://book.douban.com/subject/26698660/,8.9,江苏凤凰文艺出版社,4.5,活着的历史，平民的历史,,2017-07-19 11:52:21,
1203108737,惊奇物语,,https://img3.doubanio.com/view/subject/l/public/s26684587.jpg,2013-6,https://book.douban.com/subject/24295414/,6.2,北京联合出版公司,3.0,,,2017-06-16 00:49:24,
1189606057,梦幻花,设定略狗血，感情线不太强烈，太过于偶然的因素在其中，埋坑技术一流，还是值得作为读物看到底的。,https://img3.doubanio.com/view/subject/l/public/s30014612.jpg,2015-2,https://book.douban.com/subject/26297985/,6.6,作家出版社,3.5,设定略狗血，感情线不太强烈，太过于偶然的因素在其中，埋坑技术一流，还是值得作为读物看到底的。,,2017-05-13 10:00:18,
1188232291,阿尔萨斯,推荐每一个wower，阿尔萨斯、希尔瓦娜斯、吉安娜、乌瑟尔、铜须、安东尼达斯、克尔苏加德、巫妖王...每次打“净化斯坦索姆”的时候，我都在想如果没有阿尔萨斯的屠城，是否就不会有一位令人心痛的巫妖王的诞生？结果可能是波及更多的地方，诞生一位更加凶残的巫妖王。,https://img3.doubanio.com/view/subject/l/public/s27843377.jpg,2014-12-1,https://book.douban.com/subject/26264594/,7.7,新星出版社,4.0,推荐每一个wower，阿尔萨斯、希尔瓦娜斯、吉安娜、乌瑟尔、铜须、安东尼达斯、克尔苏加德、巫妖王...每次打“净化斯坦索姆”的时候，我都在想如果没有阿尔萨斯的屠城，是否就不会有一位令人心痛的巫妖王的诞生？结果可能是波及更多的地方，诞生一位更加凶残的巫妖王。,,2017-05-09 16:51:49,
1177644550,有些事现在不做，一辈子都不会做了,一锅鸡杂汤，随便在街边喝一口就行了。,https://img9.doubanio.com/view/subject/l/public/s10316215.jpg,2010-1,https://book.douban.com/subject/4260576/,7.3,北方妇女儿童出版社,3.5,一锅鸡杂汤，随便在街边喝一口就行了。,,2017-04-13 23:54:14,
1176288882,人民的名义,着实没有多少时间去追剧，就花了半个晚上把书看了。挺好，小说有些方面的表现力比电视剧更强，更有力度！加上作者的自我叙述，给我对于官场纪实留下了很深刻的影响。从我做起，宣传，杜绝！,https://img9.doubanio.com/view/subject/l/public/s29420424.jpg,2017-1,https://book.douban.com/subject/26952485/,7.3,北京十月文艺出版社,3.5,着实没有多少时间去追剧，就花了半个晚上把书看了。挺好，小说有些方面的表现力比电视剧更强，更有力度！加上作者的自我叙述，给我对于官场纪实留下了很深刻的影响。从我做起，宣传，杜绝！,,2017-04-10 14:22:39,
1174452719,呼兰河传,小人物的辛酸，小角色的悲伤，在那样一个背景下，越单纯越能明白事情的真谛，而成人都被所生活的社会所迷惑。,https://img3.doubanio.com/view/subject/l/public/s24405567.jpg,2008-9-1,https://book.douban.com/subject/3265177/,8.8,中国青年出版社,4.5,小人物的辛酸，小角色的悲伤，在那样一个背景下，越单纯越能明白事情的真谛，而成人都被所生活的社会所迷惑。,,2017-04-06 14:15:51,
1171121101,新参者,“当然在调查啊，但刑警的工作不止这些。有人会因案件而留下心灵创伤，他们也是受害者。刑警的职责就是寻找能够拯救受害者的线索。”,https://img1.doubanio.com/view/subject/l/public/s28363320.jpg,2016-1,https://book.douban.com/subject/26639966/,8.2,南海出版公司,4.0,“当然在调查啊，但刑警的工作不止这些。有人会因案件而留下心灵创伤，他们也是受害者。刑警的职责就是寻找能够拯救受害者的线索。”,,2017-03-30 01:22:34,
1170119031,许三观卖血记,看完之后，晚上去了饭馆点了一份烧猪肝。猪肝我不怎么爱吃，主要是因为我不太喜欢这种充满颗粒的口感，但是闻起来的确很香。现在想要这一口猪肝实在太容易了，可是父亲在想要吃上这一口的话，又懒得没理由的去下一趟馆子，等到吃上一口又会想起你，这一口也没有什么滋味了吧。可是我却没有这些负担，想吃了就美美的吃上一口，唉...,https://img2.doubanio.com/view/subject/l/public/s1074291.jpg,1998-9,https://book.douban.com/subject/1029791/,8.9,南海出版公司,4.5,看完之后，晚上去了饭馆点了一份烧猪肝。猪肝我不怎么爱吃，主要是因为我不太喜欢这种充满颗粒的口感，但是闻起来的确很香。现在想要这一口猪肝实在太容易了，可是父亲在想要吃上这一口的话，又懒得没理由的去下一趟馆子，等到吃上一口又会想起你，这一口也没有什么滋味了吧。可是我却没有这些负担，想吃了就美美的吃上一口，唉...,,2017-03-27 15:27:29,
1170116241,女法医手记之破窗,故事性更强，专业性较低（相比于秦明的分析流，并不是医学专业，也不是很了解），还是希望这个世界充满爱！,https://img9.doubanio.com/view/subject/l/public/s28376995.jpg,2015-9,https://book.douban.com/subject/26701849/,6.7,广东旅游出版社,3.5,故事性更强，专业性较低（相比于秦明的分析流，并不是医学专业，也不是很了解），还是希望这个世界充满爱！,,2017-03-27 15:19:19,
1168230967,无声的证词,对于人体解剖学充满好奇的我...,https://img3.doubanio.com/view/subject/l/public/s26537117.jpg,2013-5,https://book.douban.com/subject/24531011/,7.5,漓江出版社,4.0,对于人体解剖学充满好奇的我...,,2017-03-23 09:20:47,
1167039233,盗墓笔记,文化一瞥,https://img1.doubanio.com/view/subject/l/public/s10412319.jpg,2011-12-1,https://book.douban.com/subject/6953273/,8.5,上海文化出版社,4.5,文化一瞥,,2017-03-20 09:28:34,
1167035264,盗墓笔记2,老子来西安就是为了秦岭,https://img1.doubanio.com/view/subject/l/public/s34564228.jpg,2007-4,https://book.douban.com/subject/2057285/,8.2,中国友谊出版公司,4.0,老子来西安就是为了秦岭,,2017-03-20 09:15:01,
1166124868,九州·缥缈录VI·豹魂,九州之后，再无缥缈,https://img9.doubanio.com/view/subject/l/public/s3880475.jpg,2009-7,https://book.douban.com/subject/3854066/,8.6,新世界出版社,4.5,九州之后，再无缥缈,,2017-03-18 11:18:27,
1165739133,九州·缥缈录V·一生之盟,铁血勇士,https://img3.doubanio.com/view/subject/l/public/s3879732.jpg,2009-7,https://book.douban.com/subject/3851790/,8.9,新世界出版社,4.5,铁血勇士,,2017-03-17 11:58:02,
1164262453,九州·缥缈录Ⅳ·辰月之征,,https://img3.doubanio.com/view/subject/l/public/s2781187.jpg,2007-10,https://book.douban.com/subject/2286313/,8.6,新世界出版社,4.5,,,2017-03-13 15:36:47,
1163583581,九州·缥缈录Ⅲ·天下名将,,https://img3.doubanio.com/view/subject/l/public/s2698647.jpg,2007-9,https://book.douban.com/subject/2253753/,8.7,新世界出版社,4.5,,,2017-03-12 03:00:59,
1159777185,九州·缥缈录Ⅱ·苍云古齿,,https://img9.doubanio.com/view/subject/l/public/s1472285.jpg,2005-9,https://book.douban.com/subject/1431779/,8.9,新世界出版社,4.5,,,2017-03-03 14:59:04,
1159605165,九州·缥缈录,,https://img1.doubanio.com/view/subject/l/public/s1520169.jpg,2005-6,https://book.douban.com/subject/1321017/,8.8,新世界出版社,4.5,,,2017-03-03 00:41:16,
1156733065,乡谣,四个不同的女子，展现了近代女子形形色色的不同命运。一个男人，代表了中国底层农民对于世事变化的所有看法。一个小村庄，见证了从建国之前到改革开发的所有进程。所有未曾得到的都是自己的一己之私，所有的得到的，都是你自己的真心付出。,https://img9.doubanio.com/view/subject/l/public/s7649955.jpg,2011-10,https://book.douban.com/subject/6957939/,7.9,解放军文艺出版社,4.0,四个不同的女子，展现了近代女子形形色色的不同命运。一个男人，代表了中国底层农民对于世事变化的所有看法。一个小村庄，见证了从建国之前到改革开发的所有进程。所有未曾得到的都是自己的一己之私，所有的得到的，都是你自己的真心付出。,,2017-02-24 14:52:57,
1152931959,盗墓笔记,没事干想想把这个东西再看一遍，当初懵懵懂懂，而且一部一部看的不连续，好多细节现在看看细思极恐，希望能把之前的一些谜点解开！,https://img9.doubanio.com/view/subject/l/public/s4442295.jpg,2007-1,https://book.douban.com/subject/1948901/,8.3,中国友谊出版公司,4.0,没事干想想把这个东西再看一遍，当初懵懵懂懂，而且一部一部看的不连续，好多细节现在看看细思极恐，希望能把之前的一些谜点解开！,,2017-02-16 11:41:47,
1152445729,檀香刑,一杆火枪杀忠良，割地输金做儿臣。忍弃中原众黎民，千年功业一朝尽。求和辱，覆巢恨，可怜那些子弟为谁亡？       原本想铁骨铮铮，哪料到行影踽踽。与这世道两相看，却期我沉沉冤狱。天时尽，何时停，天下哪还有岳家军？,https://img3.doubanio.com/view/subject/l/public/s6159293.jpg,2010-4-1,https://book.douban.com/subject/4778452/,8.4,长江文艺出版社,4.0,一杆火枪杀忠良，割地输金做儿臣。忍弃中原众黎民，千年功业一朝尽。求和辱，覆巢恨，可怜那些子弟为谁亡？       原本想铁骨铮铮，哪料到行影踽踽。与这世道两相看，却期我沉沉冤狱。天时尽，何时停，天下哪还有岳家军？,,2017-02-15 10:59:35,
1132377657,没有色彩的多崎作和他的巡礼之年,,https://img1.doubanio.com/view/subject/l/public/s27094300.jpg,2013-10-1,https://book.douban.com/subject/25733470/,8.3,南海出版公司,4.0,,,2017-01-05 13:51:09,
903962836,月亮和六便士,,https://img1.doubanio.com/view/subject/l/public/s2659208.jpg,2006-8,https://book.douban.com/subject/1858513/,9.0,上海译文出版社,4.5,,,2016-12-14 13:16:19,
1087502435,超禁忌游戏Ⅱ,,https://img3.doubanio.com/view/subject/l/public/s28066337.jpg,2015-5,https://book.douban.com/subject/26348618/,6.8,九州出版社,3.5,,,2016-09-21 00:52:43,
1087502411,超禁忌游戏Ⅰ,,https://img1.doubanio.com/view/subject/l/public/s27986568.jpg,2014-12,https://book.douban.com/subject/26261238/,7.0,九州出版社,3.5,,,2016-09-21 00:52:37,
1087502211,无人生还,,https://img9.doubanio.com/view/subject/l/public/s26849345.jpg,2013-7,https://book.douban.com/subject/24859822/,8.7,新星出版社,4.5,,,2016-09-21 00:51:45,
1087502121,未来边缘,,https://img1.doubanio.com/view/subject/l/public/s28074548.jpg,2015-2-15,https://book.douban.com/subject/26392016/,7.9,山西书海传媒科技有限责任公司,4.0,,,2016-09-21 00:51:24,
1087501973,我不是潘金莲,,https://img1.doubanio.com/view/subject/l/public/s11168459.jpg,2012-8,https://book.douban.com/subject/6742586/,7.8,长江文艺出版社,4.0,,,2016-09-21 00:50:49,
1081182291,蒋勋破解达芬奇之美,滑天下之大稽！,https://img9.doubanio.com/view/subject/l/public/s27985465.jpg,2015-1,https://book.douban.com/subject/26287475/,6.3,北京联合出版公司,3.0,滑天下之大稽！,,2016-09-04 19:02:57,
1051892886,米,"究竟是人的恶，还是环境的恶
",https://img3.doubanio.com/view/subject/l/public/s24420197.jpg,2000-1-1,https://book.douban.com/subject/1006737/,7.8,台海出版社,4.0,"究竟是人的恶，还是环境的恶
",,2016-06-14 16:30:19,
1040898936,蝙蝠,,https://img1.doubanio.com/view/subject/l/public/s4706410.jpg,2011-2,https://book.douban.com/subject/5990434/,8.4,万卷出版公司,4.0,,,2016-05-12 20:44:32,
1040898818,天亮之前 请别闭眼,,https://img1.doubanio.com/view/subject/l/public/s29575938.jpg,2015-11-1,https://book.douban.com/subject/26648222/,6.0,群言出版社,3.0,,,2016-05-12 20:44:11,
1040898235,起风了,,https://img1.doubanio.com/view/subject/l/public/s33611999.jpg,2014-1,https://book.douban.com/subject/25788054/,7.3,南海出版公司,3.5,,,2016-05-12 20:42:36,
1024320253,我不喜欢这世界，我只喜欢你,"最最最喜欢你了
",https://img1.doubanio.com/view/subject/l/public/s28342099.jpg,2015-5-1,https://book.douban.com/subject/26414020/,8.0,湖南少年儿童出版社,4.0,"最最最喜欢你了
",,2016-03-24 00:53:41,
1016806819,后羿,神话里没有喜闻乐见的英雄，只有鲜血诚实的事实。,https://img3.doubanio.com/view/subject/l/public/s1986782.jpg,2007-1-1,https://book.douban.com/subject/1958322/,6.0,重庆出版社,3.0,神话里没有喜闻乐见的英雄，只有鲜血诚实的事实。,,2016-03-01 12:51:40,
985204492,百年孤独,人名真是又长又难记～,https://img1.doubanio.com/view/subject/l/public/s27237850.jpg,2011-6,https://book.douban.com/subject/6082808/,9.3,南海出版公司,4.5,人名真是又长又难记～,,2015-12-08 12:31:15,
983352924,悲伤逆流成河,"唉～难过就好，虽然很水
",https://img9.doubanio.com/view/subject/l/public/s2405994.jpg,2007-5,https://book.douban.com/subject/2062200/,6.2,长江文艺出版社,3.0,"唉～难过就好，虽然很水
",,2015-12-02 21:04:07,
976443247,EVE星战前夜之寰宇时代,相当棒，本来是玩这个游戏一直没有发现什么官方小说（也没仔细找过。。。），突然在图书馆发现了，下意识的就抱回了家，结果超乎我意料的好看。,https://img1.doubanio.com/view/subject/l/public/s28541969.jpg,2014-12,https://book.douban.com/subject/26261842/,8.1,北京联合出版公司,4.0,相当棒，本来是玩这个游戏一直没有发现什么官方小说（也没仔细找过。。。），突然在图书馆发现了，下意识的就抱回了家，结果超乎我意料的好看。,,2015-11-12 08:01:42,
959259109,地狱,"感觉没有那时看他的小说那种激情 ，烂尾，情节在哪？
",https://img9.doubanio.com/view/subject/l/public/s27173855.jpg,2013-12,https://book.douban.com/subject/25756947/,7.4,人民文学出版社,3.5,"感觉没有那时看他的小说那种激情 ，烂尾，情节在哪？
",,2015-10-30 22:47:29,
971675815,恶意,冷～～～～～～～～～,https://img3.doubanio.com/view/subject/l/public/s25796893.jpg,2013-2-28,https://book.douban.com/subject/10554309/,8.6,南海出版公司,4.5,冷～～～～～～～～～,,2015-10-27 08:53:49,
964477571,沒有色彩的多崎作和他的巡禮之年,读完之后有些事莫名明了,https://img2.doubanio.com/view/subject/l/public/s27025771.jpg,2013-10-1,https://book.douban.com/subject/25401735/,8.3,時報出版,4.0,读完之后有些事莫名明了,,2015-10-04 01:57:21,
932670261,万物的签名,,https://img1.doubanio.com/view/subject/l/public/s34267589.jpg,2022-8,https://book.douban.com/subject/26300508/,8.8,中信出版社,4.5,,,2015-06-18 19:47:28,
932656470,兔子，跑吧,,https://img3.doubanio.com/view/subject/l/public/s2840833.jpg,2007,https://book.douban.com/subject/2372670/,7.8,上海译文出版社,4.0,,,2015-06-18 18:42:11,
